term,clue,image,topic,tier,question,correct_answer,wrong_1,wrong_2,wrong_3,explanation
monarchy,"A system where a king or queen is head of state, usually inheriting the position.",,Power and people,F,"In the UK today, the king's power is limited by law. This is a…",Constitutional monarchy,Absolute monarchy,Dictatorship,Republic,Parliament makes the laws; the monarch's role is largely ceremonial.
monarchy,,,,,The belief that monarchs get their right to rule from God is called…,The Divine Right of Kings,Magna Carta,Democracy,Feudalism,Charles I's belief in it contributed to the English Civil War.
monarchy,,,,,Which English king was executed in 1649?,Charles I,Henry VIII,William I,John,He was tried and executed after losing the Civil War.
parliament,The group of people who make and change a country's laws.,,Power and people,F,What are the two houses of the UK's law-making body?,The House of Commons and the House of Lords,The Commons and the Senate,The Lords and Congress,The Cabinet and the Council,Members of the Commons are elected; most members of the Lords are appointed.
parliament,,,,,The English Civil War (1642–1651) was mainly fought between…,King Charles I and Parliament,England and France,Catholics and Vikings,Two Tudor kings,Royalists (Cavaliers) fought Parliamentarians (Roundheads).
parliament,,,,,What is Jersey's own law-making body called?,The States Assembly,The House of Commons,The Senedd,Tynwald,The Senedd is in Wales and Tynwald is on the Isle of Man.
democracy,A system of government where people choose their leaders by voting.,,Power and people,F,"The word comes from Greek, meaning…",Rule by the people,Rule by one person,Rule by God,Rule by the rich,Demos means people; kratos means power or rule.
democracy,,,,,Which ancient city is often called its birthplace?,Athens,Rome,Sparta,Babylon,Only free adult male citizens could vote in ancient Athens.
democracy,,,,,Which of these is essential to it?,Free and fair elections,A king with total power,Only one permitted party,No voting,Free speech and the rule of law are also key.
republic,"A country with no monarch, where the head of state is elected or appointed.",,Power and people,F,"After Charles I's execution, England was briefly ruled without a king, led by…",Oliver Cromwell,Henry VIII,Elizabeth I,Winston Churchill,Cromwell became Lord Protector in 1653.
republic,,,,,Which of these countries is one today?,France,The United Kingdom,Spain,Sweden,"The UK, Spain and Sweden all have monarchs."
republic,,,,,"In 1660, the monarchy in England was restored under…",Charles II,James I,Charles I,William III,This is called the Restoration.
Magna Carta,A charter of 1215 that limited the power of the king.,,Power and people,F,Which king agreed to it?,King John,Henry VIII,William the Conqueror,Richard III,John sealed it at Runnymede.
Magna Carta,,,,,Who forced the king to agree?,Rebel barons,Peasants,The Pope,Members of Parliament,The barons were angry about high taxes and John's failures in war.
Magna Carta,,,,,Why is it still remembered today?,It set out that even the king had to obey the law,It created the NHS,It gave women the vote,It ended the monarchy,Its ideas influenced later charters of rights around the world.
feudal system,The medieval system in which land was given in return for loyalty and service.,,Power and people,F,Who was at the top?,The king,Peasants,Knights,Sheriffs,The king owned all the land and granted it to his barons.
feudal system,,,,,Which group worked the land and had the least power?,Peasants (villeins),Barons,Knights,Bishops,Villeins couldn't leave their lord's land without permission.
feudal system,,,,,Who introduced it to England after 1066?,William the Conqueror,Alfred the Great,Henry VIII,Queen Victoria,It helped William control the country after the Norman Conquest.
suffrage,The right to vote in elections.,,Power and people,F,The Suffragettes were known for…,"Direct action, such as protests and civil disobedience",Only writing polite letters,Opposing votes for women,Fighting in the Crimean War,The Suffragists used peaceful methods like petitions and meetings.
suffrage,,,,,Who led the Women's Social and Political Union (WSPU)?,Emmeline Pankhurst,Florence Nightingale,Queen Victoria,Mary Seacole,"Its motto was 'Deeds, not words'."
suffrage,,,,,"In 1918, which women gained the vote?",Some women over 30 who met property qualifications,All women over 18,No women,Only women under 21,Women gained the vote on equal terms with men in 1928.
empire,A group of countries or territories ruled by one country or ruler.,,Empire and industry,F,"At its largest, roughly how much of the world's land did the British Empire cover?",About a quarter,Almost all of it,About half,About 1%,It was often described as the empire on which the sun never set.
empire,,,,,Which of these was part of the British Empire?,India,France,Japan,Russia,India gained independence in 1947.
empire,,,,,Which is a common criticism of the British Empire?,"It involved exploitation, violence and the slave trade",It had no effect on other countries,It only ever traded fairly,It existed only in stories,"Historians debate its legacy, weighing harm against claims about railways, law and trade."
colony,"A territory controlled by another country, often settled by people from it.",,Empire and industry,F,Which country was once a British colony?,Australia,Germany,Italy,Norway,Australia became a self-governing federation in 1901.
colony,,,,,Gaining freedom from colonial rule is called…,Independence,Annexation,Feudalism,Industrialisation,Annexation is when a country takes over a territory.
colony,,,,,When did the American colonies declare independence from Britain?,1776,1066,1918,1945,The Declaration of Independence was adopted on 4 July 1776.
industrialisation,The change from an economy based on farming and hand-made goods to one based on factories and machines.,,Empire and industry,F,Britain's Industrial Revolution began in roughly…,The mid to late 1700s,The 1200s,The 1950s,The 1500s,"It started in Britain, then spread to Europe and the USA."
industrialisation,,,,,Which invention powered many factories?,The steam engine,The internet,The printing press,The nuclear reactor,James Watt's improved steam engine was a major step.
industrialisation,,,,,Which was a common problem in industrial towns?,"Overcrowding, poor sanitation and diseases like cholera",Too much green space,Too few workers,No factories,"Rapid growth outpaced housing, clean water and sewers."
Reformation,The 16th-century movement that challenged the Catholic Church and led to new Protestant churches.,,Religion and conflict,F,Which German monk started it in 1517?,Martin Luther,Thomas Cromwell,John Calvin,Thomas More,He published 95 Theses criticising the sale of indulgences.
Reformation,,,,,Why did Henry VIII break with the Catholic Church?,The Pope wouldn't annul his marriage to Catherine of Aragon,He wanted to become Pope,He converted to Islam,The Church banned hunting,He wanted a male heir and to marry Anne Boleyn.
Reformation,,,,,What did Henry VIII make himself?,Supreme Head of the Church of England,Pope,Archbishop of Canterbury,Holy Roman Emperor,The Act of Supremacy (1534) made it official.
propaganda,"Information, often biased or misleading, used to promote a political cause or point of view.",,Religion and conflict,F,First World War recruitment posters aimed to…,Persuade men to join the army,Show the truth about trench conditions,Sell holidays,Advertise food,"Many used guilt, pride or patriotism."
propaganda,,,,,Which technique is common in it?,Appealing to emotions like fear or pride,Presenting all sides fairly,Citing sources carefully,Avoiding images,"It aims to persuade, not inform."
propaganda,,,,,"When analysing it as a source, historians ask…","Who made it, why, and for which audience",Whether it's colourful,How big it is,Only what year it is,Purpose and audience explain why it was made that way.
