id,subject,department
command-words,Exam command words,All subjects
english,English,Department of English
dt,Design and Technology,Department of Design and Technology
biology,Biology,Department of Science
chemistry,Chemistry,Department of Science
physics,Physics,Department of Science
spanish,Spanish,Department of Modern Foreign Languages
french,French,Department of Modern Foreign Languages
geography,Geography,Department of Humanities
history,History,Department of Humanities
rs,Religious Studies,Department of Humanities
